M1;M2;M3;M4;M5;M6;M7;M8;M9;M10;M11;M12;M13;M14;M15;M16;M17;M18;M19;M20;M21;M22;M23;M24
0;0;1,085643516;0,418289275;3,485670137;0;0,016372986;0;0,08097462;0;0;0;0;3,34500082;0;2,12230869;0,182963718;0;0;2,804790358;0,350763982;3,496908068;5,920471316;0,15342558
0;0;0,86667534;0,335244227;3,311332226;0;0;0;0,043786162;0;0;0;0;2,829465893;0;1,124572709;0,146203026;0;0;2,88137287;0,13223617;2,882741706;4,939820452;0,063945128
0;0;1,199264324;0,626436128;3,014742585;0;0;0;0,160278146;0;0;0;0;1,94549336;0;0,973683422;0,11686837;0;0;1,656719209;0;1,983584194;4,406052673;0
0;0;2,708158627;0,60188122;0,872425099;0;0,853416807;0,017759147;0,484993302;1,738949897;3,553200058;0;0;2,350836315;0,309561387;0;0,094942817;0,021507127;0;0,816242443;0,085797485;0,082515773;3,558179812;2,450321728
0;0;2,525197152;0,374371804;0,62733777;0;0,970270718;0;2,965981995;2,621658529;3,835601667;0;0;0,818499857;0,205592669;0;0;0;0;0;0;0;0;1,13978761
0;0;3,14747099;0,587560343;0,99219227;0;1,642566566;0,051743916;0,402920974;2,459821692;4,354173427;0;0;2,501505464;0,497250052;0;0,02492432;0;0;0;0;0,041825086;0;2,34311514
0;0;1,047557983;0,523948481;0,178511858;0;1,407301286;0,029578969;0,339382024;2,778393283;4,440541417;0;0;3,174712432;0,410301611;0;0;0;0;0;0;0,230327351;0;3,283305951
0;0;1,882514777;0,541397634;0,393345668;0;1,640430151;0,055914361;3,018709934;2,843936767;3,905687364;0;0;2,654895353;0,396898266;0;0,025530093;0;0;0;0;0,155687353;0;3,12747832
0;0;2,260242982;0,497100458;0,421174883;0;1,939583621;0,035204985;3,080485146;2,897956949;1,287572015;0;0;2,000442806;0,256175406;0;0,106115431;0;0;0;0;0,096332897;0;2,819895272
0;0;1,885081168;4,494728611;0,521336365;0,090535476;1,500200603;0,223801911;4,787381975;2,063679319;2,933446848;0,049601802;0;2,365244698;0,575003661;0;0,443608953;0;0,142834204;0;0;0,183183576;0;2,320671935
0;0;0,267300925;4,562389543;0,097987911;0,175222466;0,569832231;0,123700473;5,431264658;0;0,079889676;0;0;0,617143728;0,086130235;0;2,781682125;0;0,433812116;0;0;0,124260555;0;3,037143693
0;0;0,333204011;4,575559488;0,125852108;0,192951457;0,828284443;0,146378292;5,547079902;0,027646092;0,196603893;0;0;1,464605805;0,171125287;0;0;0;0,022523493;0;0;0,148117619;0;3,932684638
0;0;0,272968502;4,46810788;0,098061651;0,178942713;0,530213317;0,115579322;5,367910045;0;0,097669134;0;0;0,567840833;0,028109443;0;0,004908645;0;2,061333749;0;0;0,048269813;0;3,367019601
0;0;0,357084301;4,65841733;0,133762276;0,072458106;0,630913551;0,124405435;5,346693351;0;0,220631674;0;0;1,927331626;0,199066566;0;0;0;0;0;0;0,112356851;0;2,318151885
0;0;0,412586315;4,651441038;0,112232478;0;0,349620548;0,083019031;4,933953432;0,09227557;0,182763724;0;0;2,913887362;0,177375692;0;0;0;0;0;0;0,063944117;0;0,308085674
0;0;0,310912726;4,255880782;0,036116957;0;0,232465059;0,001342063;4,099850179;0;0,062372563;0;0;1,847980538;0,162898079;0;0;0;0;0;0;0,117174743;0;0,307472195
0;0;0,529788475;4,426253675;0,160444984;0,054941959;0,169049734;0,136729886;5,361653878;0;0,089459552;0;0;3,031875687;0;0;3,69310714;0;0,329308451;0,629780465;0;0;0;0
0;0;0,562257387;4,386299509;0,11776747;0,013565605;0,092764695;0,094753634;5,037057375;0;0,047307946;0;0;2,449423217;0;0;3,601946269;0;0,508174905;2,148963471;0;0;0;0
0;0;0,462889075;4,41304288;0,148258648;0,077016321;0,161100678;0,146208209;5,482491845;0;0,09964611;0;0;2,828806137;0;0;4,5191256;0;0,77896048;3,449277776;0;0;0;0
0;0;0,435421116;4,22909736;0,114319861;0,06217102;0,125976931;0,106379336;5,350174397;0;0,085125971;0;0;2,880515035;0;0;4,43381006;0;1,732695009;2,607043897;0;0;0;0
0;0;0,649162369;0,412462749;3,383544434;0;0,060486406;0;0,086533711;0;0;0;0;3,545805787;0;1,246672186;0,422676147;0;0;2,85381249;2,109656846;2,728544855;5,175165119;0,075007241
0;0;1,628775915;0,42513418;3,408302143;0;0,038895446;0;0,080770136;0;0;0;0;3,285339338;0;1,080305733;0,228981637;0;0;1,251387709;0,153214031;2,648517433;5,301181877;0,101567063
0;0;0,826145209;0,272484251;3,214335696;0;0;0;0,014391365;0;0;0;0;2,693158132;0;0,465381657;0,147787628;0;0;2,707040146;0,1594227;2,09053655;4,390674982;0
0;0;1,094954716;0,2487218;3,107766395;0;0;0;0;0;0;0;0;2,613324046;0;0,199422925;0,133975333;0;0;2,376745185;0;0,192692693;4,410157216;0
0;0;2,560087317;0,354457411;0,561023586;0;0,95505826;0;0,32956783;2,713716734;3,954079443;0;0;0,824387025;0,195159323;0;0;0;0;0;0;0;0;1,147019089
0;0;3,149472455;0,389536536;0,977963175;0;0,802896722;0;0,308638856;0,584501088;3,841829407;0;0;1,587097967;0,214986867;0;0;0;0;0;0;0;0;1,197483761
0;0;0,837749863;0,524576732;0,140698203;0;1,054860859;0,010663187;0,391694434;0,592995075;4,185699831;0;0;3,202396792;0,424338916;0;0;0;0;0;0;0,193898202;0;3,213185655
0;0;2,519684371;0,510684644;0,550735082;0;1,320379322;0,012611876;3,123045882;0,279410419;2,48915341;0;0;2,338826846;0,395744024;0;0,12341181;0;0;0;0;0,132870954;0;3,089111232
0;0;1,97812922;0,469266031;0,327091101;0;1,704144241;0;2,877945007;0,126748874;0,4639869;0;0;2,278939827;0,277509718;0;0,130162351;0;0;0;0;0,09355233;0;2,736146863
0;0;0,821067091;0,406917559;0,076499183;0;1,012519323;0;3,044370011;0,029911272;2,038262551;0;0;2,054203316;0,205633292;0;0,068192071;0;0;0;0;0,040857093;0;2,639879978
0;0;0,320411281;4,55047025;0,131061752;0,190212909;0,71893528;0,155559049;5,54840642;0,040163596;0,188863202;0;0;2,919792907;0,132132288;0;0;0;0,138182889;0;0;0,122210619;0;3,787324996
0;0;0,282778255;4,203363777;0,03764129;0,017656692;0,377638935;0,043293973;4,297408605;0;0,054963817;0;0;2,23171684;0,148012439;0;0;0;0,039915268;0;0;0,1682235;0;2,800021807
0;0;0,320322948;4,542654032;0,111506807;0,107184209;0,584908534;0,133295464;5,477643993;0;0,154806035;0;0;0,344276856;0,149470384;0;0;0;0,055643453;0;0;0,158846482;0;3,382790072
0;0;0,314690206;4,56505223;0,118779888;0,055135469;0,564298115;0,126833198;5,342168131;0;0,181498838;0;0;0,456113184;0,190073657;0;0;0;0;0;0;0,148656922;0;2,106832968
0;0;0,355829799;4,592395575;0,117336902;0,039622432;0,459012269;0,119713316;5,267359302;0;0,170929925;0;0;1,463257331;0,207437505;0;0;0;0;0;0;0,07442377;0;0,232657736
0;0;0,373355518;4,424405694;0,11704877;0,020780959;0,31276925;0,110583863;5,196483172;0;0,091463447;0;0;2,393128024;0,148495415;0;2,036563883;0;0,070977218;0;0;0,031670098;0;0,142241903
0;0;0,397029052;4,121740489;0,036771435;0;0,072318657;0;3,751802345;0;0;0;0;2,552585804;0;0;2,830407261;0;0,113696542;0,061410564;0;0;0;0
0;0;1,412679353;4,529570225;0,331563405;0,110616555;0,189089847;0,196301605;5,390402055;0;0,110188704;0;0;2,895397253;0;0;4,322740253;0;0,65361673;2,664174922;0;0;0,013383215;0
0;0;0,482840719;4,470390127;0,150032251;0,045143981;0,140754962;0,131825325;5,368557139;0;0,095691781;0;0;1,57385039;0;0;4,325079543;0;1,383046592;3,454125143;0;0;0;0
0;0;0,50508763;4,458490316;0,139911028;0,127292181;0,162112935;0,135936524;5,456422464;0;0,090040403;0;0;2,84587824;0;0;4,733016446;0;2,242210753;3,583131269;0;0;0;0
0;0;0,422158874;0,341426024;3,028351728;0;0,021375281;0;0,026897372;0;0;0;0;3,065912041;0;0,155783624;0,398089104;0;0;2,688683796;1,643853732;0,264859255;4,41172509;0
0;0;0,605625623;0,423576516;3,189642471;0;0,139667117;0;0,058211886;0;0;0;0;3,17262571;0;0,285168715;0,678036624;0;0;1,038507239;1,985564851;0,349559033;4,791818892;0,024762753
0;0;0,961614632;0,301803531;3,257769556;0;0;0;0,016634212;0;0;0;0;2,6216026;0;0,350687078;0,190902002;0;0;2,307659983;0;0,568786036;5,625460161;0,128075288
0;0;0,577950585;0,201594617;2,973647829;0;0;0;0;0;0;0;0;1,851059255;0;0,175290771;0,085549024;0;0;2,805122085;0;0,175242249;4,986537816;0,044355959
0;0;1,992576506;0,515911477;0,344309418;0;0,722997523;0;0,270754358;0,031908164;0,806634415;0;0;2,021966395;0,104605285;0;0,252872859;0,012135057;0;0,137764324;0;0,076151967;2,540914587;3,477923105
0;0;1,342586237;0,362953151;0,172621498;0;0,607246069;0;0,443533016;0,415554653;3,561664359;0;0;1,431071778;0,1381618;0;0;0;0;0;0;0;0;1,099524917
0;0;2,621751914;0,518821579;0,589541869;0;1,18426718;0;0,252118037;0,178103431;2,639295042;0;0;2,464968541;0,515330857;0;0,111621956;0;0;0;0;0,164200456;0;3,015562663
0;0;1,021226538;0,415309301;0,097754515;0;1,054006127;0;0,219102122;0;2,212609739;0;0;2,42273176;0,311051383;0;0,103783083;0;0;0;0;0,127305188;0;2,924131377
0;0;1,323143365;0,414881444;0,166187972;0;0,757080071;0;0,330972049;0;0,734477808;0;0;2,524661702;0,006619253;0;3,21409715;0,023426345;0;0,010533792;0;0;0;3,289039942
0;0;0,333968823;4,944360071;0,030163652;0;0,142917155;0;0,367728173;0,06902507;0,080834359;0;1,782673696;3,374044365;0,210383636;0;0,134800489;0;0;0;0;0,113185801;0;0,479026502
0;0;0,329218133;5,123403744;0,104217728;0,17543273;0,855536182;0,093905277;4,804756696;1,989019788;0,130125848;0;2,86923106;2,926025117;0,237947731;0;0;0;0,059635565;0;0;0,306660004;0;3,456318499
0;0;0,260154567;4,028500341;0,019809379;0,011005295;0,30306557;0,035229908;4,183313119;0;0,016936176;0;0;0,469508136;0,099694506;0;0;0;0,122141305;0;0;0,190278382;0;2,956329525
0;0;0,245212453;4,069918012;0,029042777;0;0,302197308;0,028765448;4,204598202;0;0,031472622;0;0;0,521782531;0,141862515;0;0;0;0,028833545;0;0;0,203959298;0;1,680138794
0;0;0,333675957;4,310232065;0,053297216;0;0,211863383;0,030477897;4,552367718;0;0,064176057;0;0;0,351558175;0,136907233;0;0;0;0;0;0;0,084668582;0;0,144558692
0;0;0,389600088;4,629738077;0,135305384;0,02652119;0,414812739;0,126422593;5,403102156;0;0,224231401;0;0;0,235278344;0,198689186;0;0;0;0;0;0;0,062782199;0;0,164700762
0;0;0,328264865;4,408121198;0,10823708;0,026629129;0,260645954;0,119026379;5,226286538;0;0,109048133;0;0;0,240782653;0,075742009;0;2,108769846;0;0,087495496;0;0;0,004226441;0;0,101445607
0;0;0,444745457;4,376064794;0,133092697;0,067031135;0,338354251;0,147239439;5,438839216;0;0,103547233;0;0;1,447167833;0,11163398;0;3,408255656;0;0,066340968;0;0;0,018097399;0;0,087990008
0;0;0,291615072;4,418662841;0,105617914;0,097742558;0,185171083;0,108569391;5,195322284;0;0,08804013;0;0;2,355862883;0;0;3,731662662;0;1,919343129;0,363480197;0;0;0;0
0;0;0,329645148;4,218991255;0,07182075;0,002624983;0,073133841;0,068097513;4,789520758;0;0,038071167;0;0;0,326337915;0;0;3,674922966;0;1,051492007;2,131714769;0;0;0,028763616;0
0;0;0,260471982;4,430047749;0,103925793;0,192171446;0,126531075;0,117503451;5,269060883;0;0,071493164;0;0;0,246492227;0;0;4,252087691;0;2,701019412;2,431012759;0,357614607;0;0;0
0;0;0,51256175;0,531883283;3,423685995;0,014672911;0,254377067;0;0,12830346;0,070850947;0;0;0;3,91132624;0;1,043039527;3,345790255;0;0;1,676538518;1,894360305;2,591429642;5,017970655;0,061857554
0;0;0,358495631;0,403349234;3,332274593;0;0,05968884;0;0,06274239;0;0;0;0;3,545759433;0;0,13346713;2,8883484;0;0;2,589183277;2,043351997;0,159990191;4,504101233;0,00208769
0;0;0,566944978;0,277421726;3,136378849;0;0,004274584;0;0,019779533;0;0;0;0;2,781338501;0;0,196966213;0,176607148;0;0;0,784328586;0;0,148605716;4,908591236;0,036579931
0;0;0,679158009;0,241831326;2,588908852;0;0;0;0;0;0;0;0;1,492296286;0;0,109595823;0,053544211;0;0;1,378915569;0;0,091634454;4,174171427;0
0;0;4,031703349;1,505453402;2,652093152;0;0,041534646;0,034735966;0,314995537;0;0;0;0;3,529159975;0;0;4,865526296;0;0;0,883607357;0,037787239;0;3,316158507;0
0;0;2,514623358;0,395159027;0,554437406;0;0,764466646;0;0,211548283;0,371801953;0,889471733;0;0;0,908296035;0,141407372;0;0,023216072;0;0;0;0;0,073653451;0;1,699598591
0;0;2,24803546;0,441086997;0,411742262;0;1,050532608;0;0,229230077;0,216011104;0,683707096;0;0;2,427011927;0,263161292;0;0,027304514;0;0;0;0;0,084404987;0;0,875146054
0;0;2,404318419;0,512821273;0,437993488;0;2,134200347;0,007260588;0,242625583;0,191827473;0,912502022;0;0;2,600304225;0,414640142;0;0,19643609;0;0;0;0;0,167266372;0;2,911313553
0;0;0,766811777;0,375356518;0,054051642;0;1,097577428;0;0,247819803;0,031517943;0,322951435;0;0;2,06353658;0,197966318;0;0,040967612;0;0;0;0;0,104505054;0;2,433916287
0;0;2,38718015;0,499767574;0,470433953;0;0,673594121;0;0,154045259;0,000394407;0,435837134;0;0;2,293571071;0,279717228;0;0,101249668;0;0;0;0;0,175355241;0;2,881575223
0;0;0,419671249;5,210077104;0,08202874;0;0,528839723;0;0,460714379;0,027287474;3,346093675;0;0;1,461666007;0,423904679;0;0;0;0;0;0;0,142539957;0;3,231359599
0;0;0,371794442;5,036129575;0,05238517;0;0,252491227;0;3,198948645;0,098756773;0,07148641;0;2,3285979;3,549318261;0,38013938;0;0,020239588;0;0;0;0;0,164102305;0;0,588934672
0;0;0,240662368;3,606765268;0;0;0,132300622;0;3,367345893;0;0;0;0;0,284770207;0,0193481;0;0,023046388;0;0,034031021;0;0;0,070730015;0;0,17990773
0;0;0,689117547;4,338174507;0,175167322;0,061570592;0,266058433;0,106480638;5,164459209;0;0,107576967;0;0;0,259452021;0,040055221;0;0,049184642;0;0;0,060426125;0;0;3,339148043;0,172504927
0;0;0,254808278;4,422749999;0,096409876;0,090578028;0,26752835;0,118268873;5,260240357;0;0,085892885;0;0;0,264170335;0;0;0,086302186;0;2,03646317;0;0;0;0;0,085707085
0;0;0,266463419;3,820767848;0;0;0,063611348;0;3,824426778;0;0;0;0;0,190548264;0;0;2,039449054;0;0,30199271;0;0;0;0;0,060324601
0;0;0,267120942;4,094046346;0,030498713;0;0,091793384;0,01906572;4,340547627;0;0,002097054;0;0;0,176550105;0;0;3,343155704;0;0,216590969;0;0;0;0;0,053791779
0;0;1,866009362;4,414613151;0,438824483;0,08726606;0,287545801;0,207330758;5,713140671;0;0,11486816;0;0;0,268507122;0,102970381;0;3,811337203;0;0;0;0;0,018398932;0;0,09941876
0;0;3,532963892;4,301344674;1,332915315;0,580977727;0,272957519;0,232316348;5,390607111;0,013269029;0,140615583;0;0;0,318132442;0;0;3,869392204;0;0;1,77851096;0,356853232;0;0,196579712;0
0;0;1,156202626;4,374926129;3,002972118;0,18266727;0,41743714;0,229392226;5,052654356;0,065928595;0,169013197;0;0;3,167877487;0,130615395;0,395987238;2,809219333;0;0,466380237;2,145814852;0,301957541;0,475218565;4,686233409;0,204793627
0;0;0,540115172;0,647508995;3,664431234;0,027469202;0,326565844;0;0,172894344;2,140175172;0,085764787;0;0;3,775710104;0;0,336289216;3,644098815;0;0;0,368952765;0,095620478;0,048478531;5,302947786;0,076537783
0;0;0,293622864;0,431307283;3,263685008;0;0,193396803;0;0,087719047;0,094393105;0;0;0;3,728182995;0;0,165378279;3,490285141;0;0;0,357637761;0,824073976;0,060489973;4,607401184;0,012088316
0;0;3,10269733;0,524252724;3,068228805;0;0,058904053;0;0,083770349;0;0;0;0;2,894685446;0;0,22479944;0,154288466;0;0;0,728067378;0,036892354;0,15424401;4,454509614;0
0;0;0,726654116;0,329501231;2,667870984;0;0;0;0;0;0;0;0;2,551020833;0;0,068756687;0,214378193;0;0;0,73857414;0,038948266;0;3,173862843;0
0;0,291225008;2,994383344;0,535953159;0,826271042;0;0,110785403;0;0,151789306;0,12808237;0,004013721;0;0;0,771305591;0;0;0,046140706;0;0;2,053949351;2,50102185;0;4,71076489;0,105541425
0,176611756;2,775475039;2,911849425;0,343899685;0,645651537;0;1,103271614;0;0,05341603;0,538162733;0;0;0;0;0;0;0;0;0;0;3,040636849;0;0;0
0,107105963;2,506085589;3,030419278;0,311305584;0,738506902;0;0,931065128;0;0;0,407787621;0;0;0;0;0;0;0;0;0;0;0,850380491;0;0;0
0;0;0,711587821;0,419795275;0,051550413;0;0,327117948;0;0,176365884;0,071092116;0,103305172;0;0;0,441967919;0;0;0;0;0;0;0;0;0;0,302651612
0;0;2,423673812;0,479380768;0,43997044;0;1,904425418;0;0,257687368;2,859985486;0,501369548;0;0;2,088515845;0,208516743;0;0,101198825;0;0;0;0;0,099977522;0;2,95919693
0;0;1,22406797;0,425763528;0,14044151;0;1,553702574;0;0,264231511;2,583109508;2,412939086;0;0;2,208343016;0,285184795;0;0,023812873;0;0;0;0;0,119210786;0;2,504295774
0;0;0,27510083;4,069886644;0;0;0,059957525;0;0,364083882;0;0,015394742;0;0;0,339680668;0;0;0,168710659;0;0,077826773;0;0;0;0;0,210097712
0;0;0,77584995;5,646295394;0,131436392;0;0,063556177;0;0,346185163;1,824007248;2,334241424;0;3,043647711;2,023425916;0,130724643;0;0,008045742;0;0;0;0;0,048625205;0;1,162751224
0;0;0,398239146;5,515556362;0,067444693;0;0,332334524;0;2,821071455;0,019172153;0,359687033;0;0;0,23264567;0;0;0,201881203;4,685590988;0,211090951;0;0;0;0;0,487212461
0;0;0,211051403;4,132228372;0;0;0,048055281;0;3,456003909;0;0;0;0;0,200650061;0;0,055195759;0,363340325;0;2,588206746;0;0;0;0;0,19632257
0;0;0,222480238;4,099258333;0,057402793;0;0,117584708;0,099774187;5,008259317;0;0,073560234;2,149585597;0;0,055124511;0;0;0,365893031;0;2,119072647;0,578027704;2,571654665;0;0,011244208;0
0;0;0,262595205;4,451613147;0,097101032;0,128874714;0,175626501;0,107563627;5,280043821;0;0,079979897;0;0;0,201663855;0;0;3,803539241;0;1,689647271;0,113512039;0;0;0;0
0;0;0,383566072;4,475425234;0,131921506;0,087488305;0,286662087;0,151221963;5,577328227;0;0,109691895;0;0;0,212709257;0,072084753;0;3,677789349;0;0,062796526;0;0;0;0;0,099808356
0;0;0,489184072;4,345896736;0,134848546;0,059081223;0,160324214;0,120217007;5,242303668;0;0,075379958;0;0;0,212921036;0;0;3,56435059;0;0,139535336;0,013759986;0;0;2,555155013;0,037611652
0;0;2,63303841;4,311295894;0,697326689;0,214112405;0,284035879;0,197819699;5,669692013;0,025490176;0,130094133;0;0;0,189777172;0;0;4,075742946;0;0;0,691986575;0,035888823;0;3,840368236;0,032935476
0;0;3,280417333;4,295583433;1,068898318;0,525268706;0,35640005;0,306570746;5,706221638;0,019643733;0,18121738;0;0;0,291620751;0;0;3,957508105;0,042696638;0,01092874;2,547850068;2,365596032;0;4,481352795;0
0;0;1,648879752;3,23971311;2,755905517;0,016845723;0,531796222;1,180559071;1,284750361;0,319483342;0,258576632;0;0;2,608213317;0;0,357366666;0,716181722;0;0,056790785;1,750683289;0,232365282;0,363307216;4,444491387;0,123045759
0;0;0,331923366;0,366905421;3,029528331;0;0,105519742;0;0,05699419;0,014137846;0;0;0;2,997762874;0;0,057559757;2,468984326;0;0;0,959549184;0,192502885;0;4,196607869;0
0;0;0,258762405;0,531736615;3,73541339;0;0,081859408;0;0,13723041;2,76330485;0,143508628;0;0;2,487264997;0;0,516802625;0,487268276;0;0;0,03711433;0;0;5,061812541;0,072373528
0;0,046980505;1,800487065;0,602681208;0,369617595;0;0,063269524;0,073861707;0,139932602;0,059807034;0;0;0;0,202571674;0;0;0;0;0;0,100307119;0;0;3,569969351;0
1,322982943;0,206849215;2,434902173;0,419982253;0,367701997;0;1,797036082;0,805244245;0,090336244;2,006489447;0,073262578;0;0;0,133902463;0,056172108;0;0;0;0;0;0;0;2,594514963;0
0,260388367;3,12757223;3,525723734;0,647206456;1,205820893;0;1,748871992;0,025032734;0,160426339;1,491916132;0,044352438;0;0;0,068183475;0;0;0;0;0;0;1,93463703;0;0;0
0;0;0,359373969;0,253418305;0;0;1,274727853;0;0,050515266;1,083116924;0;0,264344949;0;2,137205502;0;0;0;0;2,330084969;0,027739602;4,624273649;0;0,026489911;0
0;0;0,624585796;0,790370057;0,135776021;0;2,558277778;0,118939608;0,489257787;1,789462401;3,106144102;0;0;0,248505179;0,039524198;0;0;0;0;0;0;0;0;0
0;0;2,984830103;0,488157645;0,812736125;0;1,35927629;0;0,258432418;2,667757887;1,597078233;0;0;1,798216975;0,203287416;0;0,032199806;0;0;0;0;0,005303777;0;0,890603705
0;0;1,672220148;0,519752;0,264143638;0,075353964;1,617698372;0;0,374619063;3,396385699;0,424698569;0;0;2,167773064;0;0;2,401639368;0,076139318;0,601636645;0,39144231;0,79461755;0;0,833217929;5,154156842
0,756920498;0,129038113;2,153046548;5,379224884;0,510261437;0,11149579;2,736978589;1,29420994;0,841392006;3,82250278;1,020917239;0,108244902;0,162720736;0,777825889;0,408328805;0;0,795608551;4,499546772;0,324313369;0,066744376;0;0;3,374605373;0,333233542
0;0;0,352022058;5,442498854;0,048647449;0;0,197816381;0;0,121053478;0;0,183341843;0;0;0,149588528;0;0;0,086186252;4,556854429;0,217628157;0;0;0;0;0,221278772
0;0;0,395183557;5,450947374;0,061923493;0;0,15090426;0;0,152639651;0;0,04959349;0;0,039678387;0,198632902;0;0;2,940336677;4,624881042;1,352590029;0;0;0;0;0,059807462
0;0;0,193526412;4,143301174;0;0;0;0;0,508000354;0;0;0;0;0,167699416;0;0,106150163;0,395489012;0;2,562505982;0;0;0;0;0,120864047
0;0;0,21432767;4,31723688;0;0,010160781;0,019065394;0;3,323015922;0;0;0;0;0,167457365;0;0,174525408;3,135566377;0;2,643961387;0;0;0;0;0,113874773
0;0;0,231808452;4,400214685;0,069402642;0,084144899;0,177037308;0,083973703;5,051522127;0;0,063404441;0;0;0,200215177;0;0;2,351053463;0;2,180970332;0;0;0;0;0,03339016
0;0;0,246250917;4,576659171;0,101144078;0,165446538;0,150742159;0,12529639;5,292650211;0;0,073290937;0;0;0,193688786;0;0,001459838;3,733401087;0;2,900184646;0,125933951;0,075675074;0;0;0
0;0;0,256673738;4,282007231;0,063223653;0,115860285;0,0874097;0,062155921;4,794624109;0;0,071344994;2,308014395;0;0,063397735;0;0;3,841981368;0;1,351669339;0,659836334;0;0;0,073978714;0
0;0;0,624635959;4,337808216;0,150780678;0,093543493;0,135408242;0,075670462;5,10133873;0;0,077209747;2,683329544;0;0,094645748;0;0;3,992630123;0;0,215377543;0,349608961;0;0;3,224868985;0
0;0;0,709857861;4,531442028;0,118312568;0,017322012;0;0;0,385098401;0;0;2,590720863;0;0,065458635;0;0;4,244376685;0,067050476;0,104104735;0,50281706;0;0;3,033945579;0,086881893
0,258188405;3,161699841;2,121448214;0,631700029;0,372710596;0,110800391;0,096112831;3,040598277;0,372784508;0;0;0;0;2,777589254;0;0;0;0;0;0,224285142;0;0;5,301831398;0,091566744
0,191456844;2,880868142;2,07883168;0,464252979;0,324358057;0,014115418;0,02286011;2,007507462;0,163684948;0;0;0;0;1,793700144;0;0;0;0;0;0,213855639;0;0;4,890025645;0,050361308
0;0,210553055;1,932134551;0,683371754;0,281798357;0;0,185694793;0,82756947;0,16226842;3,423552965;0,204429934;0;0;0,263884973;0,117845569;0;0;0;0;0,130898386;0;0;5,013867132;0,09616432
0,092552113;0,046370269;0,943443833;0,540238774;0,094313959;0;0,795370067;0,604208362;0,127978035;2,948886014;0,19500666;0;0;0,206708186;0,140128571;0;0;0;0;0;0;0;3,327317423;0
0,906686233;0,362482262;2,445277305;0,842295939;0,462159999;0;1,177705228;0,723285811;0,192957806;3,20800455;0,261650138;0;0;0,451579199;0,140574555;0;0;0;0;0;0;0;3,515213795;0
1,599439393;0,199192638;2,755785652;0,427634864;0,569819869;0;2,768044221;0,657638519;0,100072165;3,135468385;0,18918867;0;0;0,160746037;0,087590582;0;0;0;0;0;0;0;2,800319795;0
1,565822568;0,280382843;2,19599323;0,843052409;0,362849571;0;2,163922675;1,628636547;0,252979931;3,493965002;0,340308799;0;0;0,391849654;0,246040019;0;0;0;0;0;0;0;2,70787397;0
0,347377891;0;1,145339896;0,578933826;0,152716407;0;2,165528518;0,527600805;0,143062934;2,451974457;0,129248655;0;0;0,1075521;0;0;0;0;0;0;0;0;2,029761974;0
0;0;1,577156136;0,403426162;0,185616585;0;1,117327943;0;0,552622521;2,377814604;0,487602306;0;0;1,268743642;0,098278082;0;0;0;0;0;0;0,056831384;0;1,410641346
0;0;2,866826165;0,56538359;0,709753519;0;1,951398987;0,040569253;0,355850459;3,171606489;2,716882589;0;0;2,229644412;0,366236095;0;0,147437012;0;0;0;0;0,093264023;0;3,164889282
0;0;2,660822309;3,656606716;0,732690001;0;1,385904477;1,367152752;1,158997795;1,105155993;2,535204041;0,058957693;0;2,092485593;0,14136403;0;0,753054847;0;0,152654003;0,194868113;0;0;0;1,243397785
0;0;0,404686097;5,510276037;0,070092422;0;0,375877215;0;0,194032507;0,018381997;0,751151129;0;0,037179225;0,379044912;0,037301982;0;0,007590272;4,733363138;0,084819791;0;0;0;0;1,785247804
0;0;0,477591319;5,110418194;0,024305834;0;0,1256705;0;0,11504908;0;0,036315502;0;0;0,128758817;0;0;0,98595267;3,24256313;0,217773854;0;0;0;0;0,028790505
0;0;0,288926957;4,068311259;0;0;0;0;0,059358756;0;0;0;0,174955628;2,640210932;0;0;4,450113236;0;1,323079144;1,892547555;0;0;0,081720196;0
0;0;0,186582682;4,422900604;0;0,017788648;0;0;0,496383254;0;0;0;0;0,164471941;0;0,157256073;3,237336568;0;2,529065919;0;0;0;0;0,969743407
0;0;0,247979662;4,69644147;0,07903149;0,153292292;0,190823406;0,067772744;4,725956858;0;0,060128069;0;0;0,275122774;0;0,008819264;3,233271757;0,001929907;2,442685985;0;0;0;0;2,928374333
0;0;0,25848446;4,32578372;0,097933893;0,079784218;0,159035971;0,127343784;5,353257243;0;0,069587295;0,102521949;0;0,149797893;0;0;3,605555284;0;2,696413138;0,978752;2,241298017;0;0;0
0;0;0,253748969;4,24915351;0,07103414;0;0,086272723;0,07772855;4,984208829;0;0,096283808;2,373234225;0;0,097483593;0;0;3,711996029;0;2,2946138;1,885105962;2,836921339;0;0;0
0;0;0,969446909;5,221334317;0,307031602;0,163682747;0,459504978;3,35906642;5,108624972;0,02053146;0,186740875;0,056471938;0;1,823011941;0,06424022;0;4,539855579;0;2,375043898;3,234727098;0,594479315;0;0;0,143146666
0;0;0,364169928;4,720359917;0,074441522;0;0,124437256;3,631934428;0,510669328;0;0,096699663;4,024757452;0;0,088872489;0;0,039729972;4,24532835;0;0,135387003;0,539876292;5,100907651;0;3,96084022;0
1,124036593;0,159134668;2,48014508;0,890722281;0,45580173;0;3,305791727;2,522719155;0,434668624;3,807416755;0,313532806;0,042203164;0;1,531842227;0,436650106;0;0;0;0;0,019251785;0;0;4,984855924;0,086115202
0,844247829;0,334859723;2,35434897;0,907374545;0,39865165;0;1,960303857;2,019952052;0,335959588;3,800471967;0,377754055;0,036520695;0;1,96320438;0,376187862;0;0;0;0;0,042944858;0;0;5,102328863;0,088914755
1,04824935;0,267358392;1,790525998;0,597349624;0,248914573;0;1,584396378;1,744547845;0,214517298;3,458046649;0,334392622;0;0;0,331942055;0,281780527;0;0;0;0;0;0;0;4,160787391;0,026130243
1,147871648;0,140080596;1,554147623;0,546310833;0,204524839;0;2,497225142;0,623149764;0,151835244;3,486241754;0,30829302;0;0;0,276876201;0,144552757;0;0;0;0;0;0;0;3,259252429;0
0,930738258;0,125409311;2,529517663;0,816759383;0,470571648;0;2,979363203;0,68691364;0,215958617;2,886143026;0,162886547;0;0;0,241355327;0,132728481;0;0;0;0;0,099190848;0;0;3,805363309;0
1,966972366;0,241559342;2,527575063;1,112179749;0,512456465;0;3,256332277;1,59967818;0,257684298;4,082692638;0,539289359;0,041387896;0;0,251678918;0,217885598;0;0;0;0;0;0;0;2,963823851;0
1,442222198;0,171094812;2,395892029;1,375896545;0,458646993;0;2,735351119;0,582174693;0,245941289;3,495388403;0,422618874;0;0;0,228174315;0,147871683;0;0;0;0;0,007632515;0;0;2,5371426;0
1,48896835;0,152894325;2,411164989;0,680052633;0,407973504;0;2,561339508;0,535131849;0,136720189;3,009061215;0,197224483;0;0;0,154597293;0,06199828;0;0;0;0;0;0;0;1,260840851;0
0,89662526;0;1,648876711;0,628473833;0,215362189;0;3,426765137;0,62603948;0,193092001;3,421818635;0,243435603;0;0;0,120124685;0,065079172;0;0;0;0;0;0;0;0,593160846;0
1,445933329;0,106871439;2,221741012;0,931216696;0,411710357;0;3,569897931;1,7330151;0,340413503;3,709158883;0,32900937;0;0;0,137672454;0,181024744;0;0;0;0;0;0;0;0,773310905;0
0,057740302;0;2,108021949;3,949510906;0,925454325;0,154121619;2,203399432;2,628984294;2,261352879;2,328947902;1,971280898;0,326075161;0;1,211381122;0,280193757;0,026176304;1,292249944;0;0,877456215;0,492024837;0,218795921;0;0,80807737;0,40817779
0;0;0,292530904;4,790569475;0,045459816;0,04978204;0,452974714;3,325906967;2,757568893;0;0;0;0;0,179105849;0,161189384;0;0;0;0,613826089;0;0;0,057395742;0;3,390701259
0;0;0,248970292;4,810331426;0,03253657;0,09939426;0,502749609;3,367189468;0,758593037;0;0;0;0;0,355055423;0,094091242;0;0;0;2,126655205;0;0;0,000285906;0;3,261687633
0;0;0,325631995;4,285405332;0,012308504;0;0;0;0,204238805;0;0;0;0,034961664;0,341009101;0;0;3,455557852;0;0,20734859;0,015931224;0;0;0;0
0;0;0,423297504;4,689776055;0,140359612;0,070930053;0,244799176;2,878464738;4,69678753;0;0,067871098;0;0;0,358022114;0;0;3,371123831;0;2,224278753;0,255590183;0,225682127;0;0;0,062300504
0;0;0,236458541;4,693697736;0,026116432;0,064429435;0,40954533;3,426333174;2,746277406;0;0;0;0;0,100864926;0,096205358;0;0;0;2,258825843;0;0;0;0;0,083759202
0;0;0,501101983;4,89906418;0,168809525;0,063716444;0,32956823;3,343645113;4,854531996;0;0,144268539;2,221661586;0;0,464114874;0;0;4,025483379;0;2,677874125;2,110660607;2,830859505;0;0;0
0;0;0,187079691;4,236979482;0;0;0;0;0,092005563;0;0;1,637587997;0;0,108740343;0;0;3,912090853;0;2,335619411;1,932788237;2,136313472;0;0;0
0;0;0,280223135;4,591168536;0,030929736;0;0,077595116;3,29153489;0,356544713;0;0;2,363724674;0;0,053139172;0;0;3,912664121;0;0,077185096;0,51618911;3,980037003;0;2,976388053;0
0;0;0,226122038;4,646685755;0,030922667;0;0,095995955;3,503481945;0,412911464;0;0,074756294;3,851921602;0;0,054403811;0;0,085439834;4,356816359;0;0,13460677;0,308414081;5,073989689;0;1,3444359;0
1,45325138;0,413624399;2,501549442;1,397368763;3,191088997;0,212316011;3,013651887;1,879730566;0,825814389;4,027775027;0,978327181;0,18816423;0,058787508;3,2048636;0,503303576;0,881705687;0,800141143;0,088039431;0,047404322;2,175731513;0,609178013;0,54156623;5,376990146;0,347589491
1,399489083;0,294201413;2,434761556;0,936876413;0,477705588;0;2,667354124;1,160770501;0,288526142;3,627503533;0,364404886;0,007850395;0;1,730616531;0,209897544;0;0;0;0;0,016739485;0;0;3,689878773;0
0,722912189;0,307320525;2,278666039;0,996268856;0,40747148;0;1,864219934;1,41741819;0,330885719;4,150632205;0,517481894;0,08011082;0;0,430139087;0,447625915;0;0;0;0;0,046312223;0;0;5,266902513;0,119258831
1,447704424;0,335660311;2,329812098;0,744126791;0,446968862;0;2,207183766;0,673805694;0,226754863;3,826749706;0,446358303;0,037452659;0;0,468908763;0,223921148;0;0;0;0;0,050811501;0;0;4,193580989;0,016452528
1,428435454;0,168666007;2,946280718;0,776733246;1,289867325;0;3,312480447;1,318720606;0,326884904;3,725342647;0,371369892;0,01289738;0;0,239876378;0,19972085;0;0;0;0;0,033816267;0;0;3,747745557;0
1,658016449;0,285333347;2,634940225;1,497686963;0,552021388;0;3,049877412;0,67347152;0,349746204;4,088480145;0,592336956;0,066496291;0;0,310490214;0,239129873;0;0;0;0;0,057450205;0;0;4,005230777;0,016739524
1,816136339;0,171709323;2,334682642;0,642200282;0,399519282;0;3,39981151;0,430329998;0,238297574;3,962040144;0,35186424;0,041924201;0;0,201067393;0,200580545;0;0;0;0;0,009040844;0;0;3,365901213;0
1,660680766;0,141093972;2,366665372;0,737272497;0,444149609;0;3,512316025;0,60311672;0,226135221;3,999647743;0,52351703;0,035786649;0;0,172414355;0,153775847;0;0;0;0;0;0;0;1,762008632;0
1,40209878;0,071992212;1,466679308;0,789469368;0,24280134;0;3,784287254;1,521752152;0,317126372;3,940255646;0,348495814;0,04823219;0;0,147600231;0,193473815;0;0;0;0;0;0;0;2,314192304;0
1,544248581;0,106944518;2,366043493;1,0540456;0,429038405;0;3,675888981;2,23139988;0,442412978;3,989303643;0,4789433;0,027203762;0;0,168945469;0,252281525;0;0;0;0;0;0;0;2,160643381;0
0;0;0,153381067;3,77991458;0;0;0,065394935;2,567323127;0,177326601;0;0;0;0;0,032136342;0;0;0,041872096;0;0,824610884;0,01076791;0,067336409;0;0;0
0;0;0,263208453;4,769706023;0,023639303;0;0,36633918;3,156377346;2,327386979;0;0;0;0;0,149879147;0,166783648;0;0;0;0,296062568;0;0;0,029553102;0;0,272069333
0;0;0,235432833;4,697469353;0,021530266;0,002328189;0,380618104;3,216669432;0,492750208;0;0;0;0;0,181708916;0,164705273;0;0;0;0,306449143;0;0;0,043648193;0;2,908727832
0;0;0,198686855;4,369010724;0,010671814;0,009958107;0,217319563;3,599438526;0,451931279;0;0;0;0;0,067772747;0;0;0;0;3,021010763;0;0,167489434;0;0;0
0;0;0,17900489;4,306114143;0;0;0,100726589;3,342029767;0,348650111;0;0;0,108435658;0;0,036297736;0;0;0;0;2,627314222;0,190941619;1,982104358;0;0;0
0;0;0,196791312;4,459789626;0,01422053;0;0,131562108;3,642446808;0,450556271;0;0;0,898311882;0;0,050894769;0;0;0;0;3,210381784;0,171664213;3,337215927;0;0;0
0;0;0,195679662;4,390567479;0,006789669;0;0,104319456;3,667214645;0,459230647;0;0,035081752;3,015983413;0;0,044435658;0;0;0,006819811;0;3,085651682;1,973173431;3,132194967;0;0;0
0;0;0,207361798;4,423182638;0,02413678;0;0,142051486;3,769332732;0,485824001;0;0,062205589;3,560434919;0;0,053507398;0;0;0;0;2,995672302;0,256216996;3,512205497;0;0;0
0;0;0,222628701;4,32831616;0,000567257;0;0,092124566;3,439519868;0,347496138;0;0,040571722;3,025529263;0;0,04731553;0;0;0,122882238;0;0,768923017;0,253269548;2,97296503;0;0,274673189;0
0;0;0,216582628;4,443587074;0,01189969;0;0,07330444;3,307164787;0,360558176;0;0,016362782;2,916716428;0;0,02878151;0;0;2,930468322;0;0,134249878;0,268690585;3,604881645;0;0,61560565;0
1,544766634;0,296089603;2,821164594;0,995769211;0,659708502;0;3,133050797;2,208978898;0,394312156;3,8255371;0,385710839;0,035817594;0;2,436804911;0,330190819;0;0;0;0;0,012920522;0;0;4,322328997;0,007983307
1,479200738;0,373972757;2,556790253;0,932693076;0,51674483;0;2,945148964;1,507959038;0,346174852;4,362244902;0,783107011;0,114938979;0;1,553683168;0,357538778;0;0;0;0;0,050905466;0;0;4,911353447;0,075990182
1,765927038;0,364704267;2,555090427;1,129240945;0,48161018;0;2,464365506;2,024415839;0,400048997;4,122795779;0,624715786;0,062389541;0;0,437604739;0,396064558;0;0;0;0;0,020827957;0;0;4,2583033;0,024838226
1,533040956;0,256429505;2,325079677;0,957807213;0,435087876;0;3,003932725;1,351502516;0,272480641;4,050638187;0,512227266;0,063758178;0;0,330573504;1,415135072;0;0;0;0;0,0498239;0;0;4,493952438;0,051859448
0,827938668;0,151961763;2,572892526;1,056421069;0,468858686;0;3,18795611;0,843256031;0,361782193;3,916252862;0,352127601;0,061414133;0;0,352767082;0,189806439;0;0;0;0;0,069387718;0;0;4,82910462;0,082396453
1,329646332;0,117727422;2,502955966;1,371183996;0,563116727;0;3,749511619;0,645711563;0,409132043;4,138241404;0,457854712;0,050553015;0;0,179496152;0,170515503;0;0;0;0;0,037378874;0;0;2,958436046;0
1,56774081;0,195433404;2,404224766;0,869408981;0,472117662;0;3,291807982;0,69541658;0,311788913;4,278753395;1,320281422;0,085684838;0;0,319913789;0,258658093;0;0;0;0;0,027395281;0;0;3,484485703;0
0,849852379;0,033818292;1,926494378;0,705319986;0,298079645;0;3,538706926;0,474063645;0,220332396;3,573824637;0,258304854;0;0;0,126574796;0,093064789;0;0;0;0;0;0;0;2,556894874;0
1,278630398;0,075119416;2,293554972;0,543736498;0,403556355;0;3,956776844;1,416376449;0,26295363;4,06237049;0,340109065;0,045323638;0;0,143910663;0,162620209;0;0;0;0;0,003033187;0;0;3,157226768;0
1,093902525;0,05859228;1,697276522;0,834177988;0,303635638;0;3,932181836;2,489003377;0,383870805;4,04294779;0,325166199;0,041236747;0;0,132233866;0,244943481;0;0;0;0;0;0;0;3,294143501;0
0;0,016326834;1,429491353;1,422101278;0,209941968;0;2,570646984;0,192506706;0,427929834;1,69749936;0,225955015;0;0;0,204631814;0;0;0;0;0;0;0;0;0,365765387;0
0;0;0,275617041;4,758958366;0,022152604;0;0,322425549;3,208242811;0,348798611;0;0;0;0;0,115086691;0,207249889;0;0;0;0,191188217;0;0;0,012782647;0;0,147972549
0;0;0,220422561;4,595069235;0,001947679;0;0,286325881;3,337730158;0,447822939;0;0;0;0;0,080545312;0,071548336;0;0;0;1,821430149;0;0;0;0;0,053927743
0;0;0,182154376;4,178530773;0;0;0,078441547;3,17706595;0,282223934;0;0;0,32234123;0;0,039233847;0;0;0,225758703;0;2,307584128;1,772540167;0,801985055;0;0;0
0;0;0,192933061;4,314894519;0;0;0,091571433;3,354261544;0,373826454;0;0;0,006490037;0;0,039389467;0;0;1,931450304;0;2,606416793;0,308005558;0,824074787;0;0;0
0;0;0,178074341;4,428709855;0;0;0,099365398;3,476540621;0,390712615;0;0;0,49405596;0;0,031944334;0;0;0;0;3,138936901;1,924665044;2,636462267;0;0;0
0;0;0,159147193;4,206173288;0;0;0,096114082;3,400961071;0,369672922;0;0;2,511016499;0;0,049576148;0;0;0;0;2,491978007;0,352932197;2,299661645;0;0;0
0;0;0,173786698;4,188255161;0;0;0,083851078;3,348590364;0,340580989;0;0,001101245;2,518109151;0;0,039354261;0;0;0,347437097;0;2,303286718;2,173743984;1,793361443;0;0;0
0;0;0,205288618;4,424443814;0,020279631;0;0,126810699;3,720141791;0,495899395;0;0,058878354;3,473947065;0;0,053295301;0;0;2,660957501;0;2,792570869;2,009401412;2,856962907;0;0;0
0;0;0,211053495;4,601709676;0,037524622;0;0,146446604;3,866816454;0,5276298;0;0,041478498;3,26569847;0;0,077121421;0;0,10217623;3,860538449;0;2,970161372;0,699519495;3,383955811;0;0;0
1,587715969;0,493574468;2,999211564;1,507070842;0,988411521;0;3,297552233;2,746712221;0,91237262;4,400501428;2,941659116;0,083943429;0;1,228964085;0,675927498;0;0,037768105;0;0;0;0;0;4,890888901;0,099140824
1,754526681;0,326480299;2,319384609;1,002253378;0,440082065;0;3,284267558;2,338464414;0,382979031;4,597231275;1,109365229;0,122056826;0,028988601;0,288798069;1,488177013;0;0;0;0;0;0;0;5,022684005;0,061700432
1,491373284;0,240133463;2,107801968;0,830969308;0,349168441;0;3,193784633;1,053206342;0,269318349;4,511268406;1,251132648;0,099277367;0,024242384;0,259148615;0,331036461;0;0;0;0;0,024075605;0;0;4,673482223;0,055364359
1,628661623;0,237595806;2,929069172;1,236903703;0,715880231;0;3,473762262;1,790610766;0,509477374;4,163573397;0,409600241;0,102027921;0;0,334345246;0,380802579;0;0;0;0;0,029836927;0;0;5,21569336;0,124478197
2,243245051;0,588830602;3,430457524;1,53272275;1,303460695;0;3,816988127;1,268833549;0,857037279;3,814577641;0,534606255;0,047137689;0;0,171585581;0,205230567;0;0,022520205;0;0;0,154154233;0;0;4,04836961;0,033173711
1,61280823;0,158032719;2,647437103;0,564999832;0,582706069;0;3,635354879;0,770244885;0,298358295;4,293761252;0,48496435;0,072453392;0;0,229405382;0,228445057;0;0;0;0;0,02588201;0;0;4,357957694;0,026093445
0,890888472;0,077244327;2,001194871;0,940305369;0,309637486;0;3,598032556;0,517465788;0,269593151;3,874305135;0,334945107;0,055391455;0;0,173242724;0,157483645;0;0;0;0;0,055641623;0;0;3,84790351;0,023067515
1,386602008;0,079133958;1,332435258;0,739805744;0,249507685;0;3,923125672;1,159880407;0,322216115;4,117009647;0,343577669;0,058542712;0;0,141253022;0,181415815;0;0;0;0;0;0;0;3,783808628;0,039283261
0,906611628;0,029743006;2,156881971;0,612495319;0,351002614;0;3,281110205;1,727274079;0,222609625;3,166467164;0,178479138;0;0;0,104192616;0,145336228;0;0;0;0;0;0;0;2,160471649;0
0,816778951;0,041629565;1,487071302;0,598212755;0,236894538;0;3,121796652;1,810602523;0,215163114;3,283743889;0,19230926;0;0;0,135891846;0,179411129;0;0;0;0;0;0;0;3,375935963;0
0;0;1,321593522;2,864573143;0,327745803;0;1,501173345;1,614757426;0,842676711;1,029914547;0,388231189;0,007069343;0;0,329303567;0;0;0,434581489;0;0;0,342231841;0;0;1,851326443;0
0;0;0,349550756;4,573176288;0,051178713;0,002131666;0,299769683;3,442235222;0,502216696;0;0;0;0;0,075841049;0,063825716;0;0;0;0,519789173;0;0;0;2,789093994;0,072940148
0;0;0,219481723;4,321546573;0,008258098;0;0,079039827;3,409692715;0,396462319;0;0;2,463935792;0;0,025864063;0;0;0,185731431;0;1,149116886;0,297464509;0,68778136;0;0,161306219;0
0;0;0,284869976;4,264454178;0;0;0,035477427;2,919451067;0,22383069;0;0;0,171457388;0;0,025135704;0;0;1,89442636;0;0,655101108;0,446136659;0,275800683;0;0;0
0;0;0,215210577;4,352486968;0;0;0,077221959;3,281146827;0,347292024;0;0;0,256160773;0;0,053068866;0;0;2,475330155;0;2,680175111;2,184336593;1,265131163;0;0;0
0;0;0,198945108;4,399756085;0;0;0,089074995;3,403794227;0,349707039;0;0;0;0;0,041102593;0;0;3,405494203;0;2,321164521;0,521519113;1,851551917;0;0;0
0;0;0,188206617;4,410679621;0,011274391;0;0,107172866;3,525935847;0,403159894;0;0;0,098840684;0;0,066112647;0;0;2,367981955;0;3,102320974;0,29800563;2,460599093;0;0;0
0;0;0,19734098;4,415935784;0,018252355;0;0,100954353;3,615774708;0,430340325;0;0,006154676;2,642423097;0;0,070422377;0;0;2,355141487;0;2,744995446;0,514413307;2,813219167;0;0;0
0;0;0,172734739;4,233919372;0;0;0,080974118;3,402565914;0,337503465;0;0,007500669;2,309210321;0;0,036202725;0;0;2,792083035;0;2,635963631;2,745880636;2,309231236;0;0;0
0;0;0,280946791;4,572755904;0,039892278;0;0,1180495;3,767251043;0,473596467;0;0,053970162;3,476897868;0;0,060770145;0;0;3,676913819;0;1,481285522;1,389295646;2,134146745;0;0,161365103;0
1,470432476;0,151914991;2,153683115;0,79247485;0,382164582;0;3,368418876;1,981821079;0,313575318;3,951630627;0,454265041;0,051810789;0;0,218076849;1,372137358;0;0;0;0;0;0;0;3,431724312;0
1,237010728;0,274584938;2,538870643;0,494609794;0,540971142;0;2,963796857;2,334747202;0,312346787;4,125740756;1,571715492;0,042258237;0;0,266471752;0,363088798;0;0;0;0;0;0;0;4,595945061;0,009495202
1,652876767;0,226628577;2,562953406;1,457993663;0,652649123;0;3,557252662;2,168170382;0,415140394;4,548841642;1,204489374;0,12543642;0,023954199;0,330064681;0,309509005;0;0;0;0;0,010617301;0;0;4,569219833;0,050188664
1,339004065;0,127553036;1,820120457;0,862759332;0,30078872;0;3,799331427;1,314256458;0,285817627;4,388934173;0,346497275;0,105197557;0;0,17276967;0,307269477;0;0;0;0;0;0;0;5,072424327;0,115663552
1,220156362;0,175311508;2,278123446;0,920368798;0,361552007;0;3,427440282;1,226303405;0,344947014;4,01631849;0,345421092;0,081811699;0;0,2943342;0,261087343;0;0;0;0;0,064359136;0;0;4,577001369;1,598905732
1,319000525;0,15641037;2,167679256;0,962346395;0,360571331;0;3,5428985;1,186533359;0,386200064;3,699733465;0,235377602;0,072403122;0;0,221214536;0,176379034;0;0;0;0;0,088815049;0;0;3,352432616;2,169252291
1,430142612;0,097279141;2,071117513;0,77384315;0,330543881;0;3,513282931;1,581166412;0,307378286;3,380160167;0,203706199;0,024913125;0;0,234337842;0,304209871;0;0;0;0;0,046461467;0;0;4,40510418;0,081456555
0,656229893;0,102791667;1,371973575;0,572396611;0,202829757;0;2,621020394;1,112819087;0,202554892;3,758009871;0,344507999;0,02980299;0;0,237113224;0,205373214;0;0;0;0;0;0;0;4,615196511;0,072500353
1,547564038;0,204432633;1,725738006;1,394436003;0,266095313;0;3,021213977;1,778781143;0,295266742;3,983146178;0,430639195;0,06887626;0;0,261309479;0,296707369;0;0;0;0;0,00811816;0;0;4,007403464;0
0,751003278;0,137812456;2,439527082;0,56301024;0,440433988;0;2,810141063;1,497073079;0,227976481;3,841142683;0,459573295;0,043690325;0;0,272859101;0,224378391;0;0;0;0;0,003693747;0;0;3,820380464;0
0,337428185;0;1,516096253;0,660782633;0,206387444;0,208087168;2,096000084;1,368412577;0,243093327;3,229338874;0,373367055;2,787315883;0;0,139165869;0,263997925;0,022181541;0;0;0;0,117032466;0;0;4,223664471;0,053442802
0;0;0,756575044;4,13046723;0,130618815;0;0,163806217;3,557275199;0,409575719;0;0;0,829822567;0;0,128961114;0;0;0;0;0,240929924;0,988453793;0,260515995;0;5,061021352;0,056805025
0;0;0,304485676;4,340152946;0,04368708;0;0,143335284;3,691977879;0,46946295;0;0,0156236;2,897250972;0;0,075719769;0;0;0,007470342;0;0,791239391;0,104507544;0,302783588;0;3,632994935;0
0;0;0,250994044;4,448446031;0,006468502;0;0,042199597;3,02931137;0,275353685;0;0;0,262639923;0;0,10053161;0;0;3,463869686;0;0,180052817;0,897498958;3,000952869;0;0,072188545;0
0;0;0,175205206;4,30316219;0;0;0,050966495;3,137266374;0,289523405;0;0;0,014371248;0;0,019752667;0;0;2,895552915;0;1,77906208;0,520256108;0,395694906;0;0;0
0;0;0,249079855;4,619156993;0,028989653;0,048806673;0,131687109;3,751681946;0,475421496;0;0;0;0;0,064177865;0;0,098778163;4,174013455;0;3,274521285;0,546355529;2,022952611;0;0;0
0;0;0,24585785;4,596870276;0,043775914;0,00935812;0,152128903;3,79314062;0,512089077;0;0;0,135701079;0;0,090408975;0;0,042566965;3,962342296;0;3,225180412;0,340044898;3,224127277;0;0;0
0;0;0,199153014;4,542610316;0,030429486;0;0,125307225;3,739476067;0,450808673;0;0;2,124795595;0;0,072353173;0;0,009054011;4,042625174;0;3,035055133;1,911038495;3,069449404;0;0;0
0;0;0,22060221;4,54738917;0,029895989;0;0,123967522;3,811110554;0,458543248;0;0,030266705;3,257927525;0;0,06979411;0;0;4,161123591;0;2,986375646;2,698933697;2,783155115;0;0;0
0;0;0,212789884;4,464037624;0,013749284;0;0,113927123;3,560410821;0,356737057;0;0,003275874;2,137833557;0;0,050975095;0;0;4,196157227;0;2,899436849;3,040180213;1,891182197;0;0;0
1,764426218;0,206818254;2,093202174;0,374337974;0,299060069;0;2,916319168;1,580655087;0,224074533;3,904287882;0,449791955;0,027486987;0;0,196902546;0,226809135;0;0;0;0;0;0;0;3,75515351;0
1,84803977;0,208630711;2,310592659;0,833960537;0,446901203;0;3,566645158;1,985820434;0,349487763;4,523129719;1,264501647;0,098983222;0,00375476;0,173571115;0,410983488;0;0;0;0;0;0;0;3,637253505;0
1,477981751;0,126604042;2,380706202;1,38028585;0,376268924;0;4,015488993;1,517343994;0,381176412;4,327335515;0,38128178;0,097422431;0;0,187727686;0,209158947;0;0;0;0;0,000610523;0;0;4,140029976;0,056196027
0,788046043;0,08304228;2,091757112;0,632281509;0,326628537;0;3,793264213;1,746001679;0,251334772;4,142562007;0,420257275;0,061587535;0;0,194004966;0,230296131;0;0;0;0;0,020677032;0;0;4,250154865;0,037688208
1,352256032;0,14716184;2,047968115;0,923332606;0,359329209;0;3,659894301;2,33759715;0,427193434;3,89192733;0,28904067;0,086469572;0;0,223613223;0,327665598;0;0;0;0;0,037952485;0;0;4,366219499;1,63149318
1,176989942;0,188721181;2,274849582;0,96681365;0,391098951;0;3,397401042;1,778554762;0,405148733;3,849022023;0,283539996;0,100276466;0;0,292339153;0,338653209;0;0;0;0;0,085105654;0;0;4,518523091;3,045988958
2,170881774;0,690765568;3,30714588;1,441978163;1,140450632;0;3,653310197;2,597105346;0,979461005;3,916843041;0,549536447;0,087224958;0;0,34778996;0,395764479;0;0,069205455;0;0;0,131240236;0;0;4,698211883;2,187303987
1,849512941;0,22362912;2,585157846;0,521081015;0,439143334;0;3,489801238;1,93702799;0,261778102;4,302502198;0,490816512;0,077914174;0;0,239597783;0,307314721;0;0;0;0;0;0;0;4,626438087;0,041299402
1,418500051;0,215115418;2,846221962;0,50030057;0,710581997;0;2,71055271;1,813146856;0,280588203;3,411258227;0,230300033;0,010029886;0;0,362047891;0,284805781;0;0;0;0;0,031366206;0;0;4,598485502;0,03004419
1,097600317;0,132977431;2,346714886;0,910446582;0,437394165;0;3,080252476;2,381809402;0,480721813;2,639532765;0,163635689;0;0;0,438890632;0,411725357;0;0;0;0;0,081960082;0;0;4,560103159;0,077901832
0,884996993;0,216542157;2,464966781;1,507382254;0,515455896;0;2,175931137;1,550061799;0,460118775;3,33715318;0,289181482;0,010657309;0;0,484017382;0,258674569;0;0;0;0;0,06972505;0;0;4,025017756;0,013409164
0;0;0,261823759;4,364219938;0,035113438;0;0,145726228;3,665223811;0,491289584;0;0,071691357;3,618945572;0;0,088016532;0;0;0,06082067;0;1,265410815;0,172204982;2,822859553;0;3,397689871;0
0;0;0,441127668;4,591507654;0,077539552;0;0,119246643;3,506729394;0,379324458;0;0;1,050443686;0;0,073932402;0;0;3,548155904;0;0,482828252;0,624872323;0,053199836;0;2,704493922;0
0;0;0,341730472;4,604557137;0,044093649;0;0,105858921;3,536203032;0,397099126;0;0;2,232675071;0;0,056663325;0;0;3,385915308;0;0,590954607;0,862442497;0,339103231;0;0,123993871;0
0;0;0,379976307;4,823468282;0,076596332;0;0,104105381;3,64415851;0,490146703;0;0;0,261781698;0;0,078367103;0;0;4,096005082;0;1,400443316;0,995337447;0,226633989;0;0,073681552;0
0;0;0,232749809;4,479172522;0,022654109;0;0,102744496;3,576799593;0,461755944;0;0;0;0;0,074013465;0;0,022405315;3,670781416;0;2,994395739;0,287784477;0,56761762;0;0;0
0;0;0,376559105;4,629516833;0,036230052;0;0,075815856;3,391595056;0,360043354;0;0;0,116915228;0;0,090244209;0;0;3,682370009;0;1,232166484;1,755849956;1,559575126;0;0;0
0;0;0,254031792;4,709302983;0,037929163;0,007046533;0,137074193;3,805545662;0,525901842;0;0;0,215727482;0;0,089849958;0;0,097008408;4,501937604;0;3,278369597;2,125993208;2,833463658;0;0,00543326;0
0;0;0,254394553;4,554374896;0,037833822;0;0,11493906;3,77657332;0,480994152;0;0;1,81512513;0;0,082365769;0;0;4,378988828;0;2,837387691;3,143804495;3,040916558;0;0;0
0;0;0,282691278;4,478371369;0,020238327;0;0,095874898;3,494301865;0,355831232;0;0;2,017214013;0;0,063480174;0;0;3,911516433;0;1,28813096;2,547389602;2,336508935;0;0;0
1,490659493;0,189170889;2,716992454;0,581458529;0,537250369;0;2,768414118;2,226240863;0,213001681;2,934126458;0,173285516;0;0;0,168500919;0,186439564;0;0;0;0;0;0;0;3,296752007;0
1,011760468;0,089039929;2,415499868;1,445140505;0,417476946;0;3,453557484;1,798608243;0,412903739;3,499635312;0,269290607;0,012113873;0;0,245894548;0,185123092;0;0;0;0;0,053393871;0;0;3,284614104;0,000104339
1,78924197;0,171156632;2,496909775;1,348415004;0,412960399;0;3,666894482;2,6963781;0,712391235;3,919237245;0,373689482;0,033051827;0;0,199700935;0,287226118;0;0;0;0;0,002051801;0;0;3,880858628;0,006492486
1,661074238;0,126947172;1,898433395;0,578724242;0,301816983;0;4,040415996;2,324465003;0,34769788;4,368934675;0,41998904;0,092085711;0;0,175383272;0,286037495;0;0;0;0;0;0;0;4,21434378;0,033689697
1,4431699;0,125981023;1,789390716;1,255256477;0,29695804;0;3,903006893;2,855509281;0,471765595;4,271788783;0,360888008;0,091213234;0;0,189594923;0,340571801;0;0;0;0;0;0;0;4,830849747;0,104746122
1,223369149;0,1883987;2,316614632;0,920821393;0,36016718;0;3,28935445;2,745792498;0,536809262;4,143766966;0,383243951;0,112001545;0;0,36272079;0,479423196;0;0;0;0;0;0;0;5,534438138;2,202926564
1,027392349;0,140173783;2,490525942;0,40842364;0,41847838;0;3,262127099;2,086105947;0,363120069;4,034666345;0,371164151;0,070377407;0;0,262660842;0,343443025;0;0;0;0;0;0;0;5,350322041;0,109589017
0,875912906;0,156657467;2,359982797;0,663214273;0,377347478;0;2,242508222;2,559713107;0,345441279;3,525402296;0,275295793;0,016501055;0;0,301542557;0,387662891;0;0;0;0;0,005556081;0;0;5,119475337;0,115577421
0,992378986;0,094829406;2,656088181;1,254843686;0,654231354;0;3,49019784;2,302752699;0,366634436;3,653415542;0,244688562;0,027046682;0;0,246809355;0,29811012;0;0;0;0;0,044838476;0;0;4,367628254;0,047548196
1,708167045;0,405772706;2,527305565;3,49893507;0,782866386;0,03626087;3,08300497;2,579119935;2,254406917;3,791995228;0,807339968;0,154028555;0;0,667113751;0,382915888;0;0,809130332;0;0,093185533;0,279416826;0;0;4,278268445;0,148554165
1,16272654;0,210438;2,335334368;4,409524671;0,532960765;0,078276257;3,066864978;3,631312589;0,784008759;3,853892056;0,636802484;1,384849008;0,032240064;0,446638053;0,395440236;0,055831565;3,003842801;0;2,170927782;1,128657405;2,392515704;0;4,388753475;0,057800103
0;0;1,105158953;4,310801517;0,183083525;0;0,152818343;3,562201731;0,527491113;0;0,040557199;1,87997702;0;0,175765955;0;0;0,252613375;0;0,10554152;2,58737747;3,331808411;0;5,487131934;0,011313018
0;0;0,406292014;4,614379662;0,091047211;0;0,131366349;3,806839266;0,495964279;0;0,055512993;3,368407871;0;0,087040155;0;0;3,648912152;0;0,798929721;1,310013848;0,691126993;0;3,310890775;0
0;0;0,228854752;4,57780243;0,028036566;0;0,115869558;3,715440621;0,486072332;0;0,01677513;2,7183665;0;0,054258417;0;0;3,243048005;0;2,366560611;0,718176196;0,590187154;0;0,093964744;0
0;0;0,223065209;4,502130225;0,02319266;0;0,098231646;3,559591489;0,403757229;0;0;1,804984592;0;0,038756205;0;0;3,78167139;0;2,460544301;1,110358591;1,845627872;0;0;0
0;0;0,281441538;4,626673084;0,040847817;0,014202646;0,111542847;3,592844113;0,39755231;0;0;0,085037285;0;0,086396822;0;0;4,162606391;0;2,823181546;1,808888902;0,441969721;0;0,010755483;0
0;0;0,226347823;4,533405295;0,023595904;0;0,099683418;3,549615191;0,367882863;0;0;0,099431897;0;0,066059042;0;0;4,184356064;0;2,973893007;2,242835608;1,585685387;0;0;0
0;0;0,306930317;4,705930966;0,043070528;0;0,116781555;3,7517437;0,402372774;0;0;0,168738037;0;0,132472593;0;0;4,684647748;0;2,882178159;3,343732709;2,982645075;0;0;0
0;0;0,283022113;4,527754531;0,037377859;0;0,080325712;3,517850133;0,368462586;0;0;0,279871426;0;0,093077157;0;0;4,319798552;0;2,190804271;2,497348828;2,575402565;0;0;0
0;0;0,291307037;4,540343663;0,032340624;0;0,110299645;3,443458767;0,383861857;0;0,037998657;2,950855345;0;0,083328191;0;0;4,196080061;0;0,276627079;2,243205139;4,202839775;0;0,14505818;0
2,181762082;0,47926223;3,336529333;1,336917879;1,165867367;0;3,411044837;1,27073744;0,499380002;3,074008088;0,257587374;0;0;0,147132629;0,098268548;0;0;0;0;0;0;0;2,641276292;0
2,421087183;0,548051583;3,345293961;1,410140502;1,180686246;0;3,747947411;2,395567477;0,673506961;3,498942261;0,387536356;0;0;0,117477227;0,171790156;0;0;0;0;0;0;0;3,122377503;0
1,434819962;0,126189245;2,597364839;0,45112859;0,529040782;0;3,518343299;2,455042413;0,314133025;3,79411974;0,301203519;0,015165585;0;0,252065085;0,257354754;0;0;0;0;0;0;0;3,577560264;0
1,385047032;0,137578205;2,235543775;0,99254122;0,408431482;0;3,495773334;1,875419114;1,298919797;4,12847115;0,47080489;0,072598255;0;0,245926432;0,357389127;0;0;0;0;0,01615254;0;0;4,383641385;0,055282459
1,052809999;0,090162134;1,813398519;0,582668843;0,265148166;0;3,205674183;2,655714178;0,39938795;3,560948196;0,260088438;0;0;0,170643885;0,328779665;0;0;0;0;0;0;0;4,220607238;0,041549993
1,303897601;0,123471744;1,764452688;0,651991136;0,297501142;0;3,329884451;3,081371119;0,612543143;3,79466005;0,319229375;0,073942782;0;0,240059919;0,576109363;0;0;0;0;0;0;0;5,508726955;0,147831237
0,845894823;0,151023945;2,003228576;1,435489644;0,33172862;0;3,022447579;2,16050223;0,434605056;4,04535689;0,482793331;0,067944252;0;0,280817971;0,343478979;0;0;0;0;0,032334342;0;0;5,011109939;0,091945587
1,454454389;0,373514755;1,697441071;0,627843934;0,275758727;0;2,503537238;2,117138;0,292772905;4,274625821;0,693155382;0,085424654;0;0,386923909;0,403065879;0;0;0;0;0;0;0;5,021590945;0,065267652
1,147513855;0,157290826;2,412676395;0,7986307;0,428408244;0;2,852241284;2,843250484;0,594740681;3,654178068;0,323107169;0,046971249;0;0,282105682;1,564275475;0;0;0;0;0,003055635;0;0;5,451201711;0,133458539
0,994729913;0,533763716;3,043272621;1,511127404;0,924284297;0;2,024407538;2,436459758;0,870134097;4,025806011;0,506159838;0,079057451;0;0,589291965;0,514127967;0;0,016730411;0;0;0,109791839;0;0;5,360456031;0,152608527
1,06698766;0,210550948;2,422607096;4,388565132;0,618508619;0,128431799;2,981979563;2,201500671;5,115892655;4,042524216;0,733756592;0,138492212;0;1,266988479;0,458820843;0;2,772887303;0,008637335;0,279075039;0,293196136;0;0;4,632913235;0,257476367
1,100964651;0,247444065;2,499618524;4,715833506;0,628848515;0,070387934;2,987021654;3,632761996;0,695559918;3,989284647;0,552274104;0,190405651;0;1,230263538;0,4255296;0,000724758;4,098862141;0;1,907714977;2,88163457;0,442929008;0;4,528149046;0,087328204
0;0;2,127129216;4,622175095;0,442428743;0,054016384;0,159058317;3,757248855;0,538025824;0;0,008951581;0,75928565;0;0,173092442;0;0;4,094623953;0;0,146882222;2,389847546;0,738473686;0;4,262094968;0,008456715
0;0;0,238142864;4,534215113;0,030726734;0;0,112555016;3,682050846;0,432320588;0;0,025155378;3,066004731;0;0,061453719;0;0;3,924395744;0;2,512978748;2,521816795;0,870307021;0;0,013656471;0
0;0;0,248601433;4,551413364;0,020272076;0;0,090005984;3,48307275;0,372342874;0;0;1,63506015;0;0,061819385;0;0;4,049146441;0;2,278782259;2,850834582;0,570638967;0;0;0
0;0;0,208556899;4,521236212;0,014758491;0;0,108962578;3,510553235;0,376212091;0;0;0,411746705;0;0,053286761;0;0;2,999419611;0;3,124678276;1,943292295;2,613595529;0;0;0
0;0;0,170545214;4,146610503;0;0;0,067343608;3,244364176;0,317155187;0;0;1,109247794;0;0,04239665;0;0;3,560963872;0;2,523217544;3,007811188;2,049351549;0;0;0
0;0;0,36789295;4,71412592;0,056075676;0;0,099375;3,48874096;0,360613188;0;0;0;0;0,311251804;0;0;4,404771066;0;1,830624786;3,444696132;2,828397599;0;0;0
0;0;0,337628732;4,566027725;0,015720749;0;0,057375561;3,249938725;0,299862855;0;0;0,074440802;0;0,263988987;0;0;4,39057607;0;0,44846461;2,641437586;3,953514261;0;0,008565624;0
0;0;0,187075942;4,494384781;0;0;0,067093955;3,26879298;0,316461038;0;0;1,859398101;0;0,026065329;0;0;4,189187629;0;0,19242185;0,483391625;4,437430629;0;0,197590432;0
2,441841692;0,648903031;3,362782151;1,732066309;1,230623305;0,006348733;3,943169859;2,726138478;1,403564196;3,955090167;0,591433043;0,042699206;0;0,205540384;0,221557728;0;0,021323435;0;0;0,034985897;0;0;4,015338274;0,015733373
1,96709953;0,767351789;3,332693504;1,556753387;1,136016738;0;3,049650736;2,165170559;0,795604915;3,193383819;0,33169237;0;0;0,384508784;0,188961043;0;0;0;0;0,077499131;0;0;3,947827196;0,025119224
1,661937475;0,177988004;2,708514521;0,553908759;0,562571782;0;3,143941474;2,838170411;0,542032906;3,597277537;0,256805139;0,035677825;0;0,218264158;0,336423909;0;0;0;0;0;0;0;4,87633269;0,074624102
0,928127897;0,107737255;2,479000919;0,599694785;0,406491998;0;3,751422425;2,904334714;0,426899147;4,175510511;0,410758866;0,06136786;0;0,201325978;0,367849101;0;0;0;0;0;0;0;4,749800828;0,049875205
1,616472497;0,184776186;2,67499734;1,427763524;0,485100102;0;3,28328082;2,779837646;0,34657504;3,902414654;0,324319369;0,067625138;0;0,260319987;0,435019937;0;0;0;0;0,020792522;0;0;5,215942565;0,120038972
1,109712335;0,111915562;1,16929011;0,544473782;0,212814688;0;3,697304653;2,193520101;0,33633261;4,248258321;0,425565451;0,081490946;0;0,182453225;0,27647084;0;0;0;0;0;0;0;4,955395949;0,101872695
0,622794799;0,201032927;1,549166191;0,776293755;0,249530874;0;2,703556115;2,748881925;0,471908467;4,347744285;0,531661635;0,113650728;0,016181776;0,355672512;0,546683467;0;0;0;0;0;0;0;6,45116221;0,248538999
0,030500362;0,459994411;0,740743449;0,614674066;0,100117761;0;0,969751564;1,285193961;0,257435049;4,36977424;1,33534704;0,086846045;0,007034594;0,477551548;0,557127312;0;0;0;0;0;0;0;5,122463086;0,068822876
1,484854416;0,296725186;2,770577769;0,778161288;0,54289143;0;2,589372769;2,886714929;0,538363658;4,109939379;0,405087916;0,087651898;0;0,799903685;0,510282242;0;0;0;0;0,009285781;0;0;5,874520518;0,192608794
0,255693482;0,550574676;2,635790064;0,961549286;0,558171449;0;0,44921173;1,939829143;0,361868712;3,834780752;0,379073068;0,015510834;0;0,558917809;0,328874214;0;0;0;0;0,077154568;0;0;5,084276801;0,092053681
0;0,244795264;2,588478305;0,950447194;0,562879328;0;0,130814646;1,077155936;0,319334842;3,770446315;0,278093351;0,018170713;0;0,371184791;0,170020944;0;0;0;0;0,480674674;0;0;5,960814325;0,22218424
0;0;1,321257525;4,565775207;3,028324166;0,071007337;0,239585996;3,4304497;0,564512337;0,029979238;0,096681087;0,153431824;0;2,903423946;0;0,375165492;4,04812358;0;1,899251229;3,068939658;1,711783957;0,299246694;4,778847506;0,083508625
0;0;0,494001725;4,636899592;0,069970353;0;0,111940179;3,647710007;0,415671039;0;0,005182275;2,530403448;0;0,085339201;0;0;4,177475919;0;0,72761292;2,714786217;0,22908415;0;0,145231703;0
0;0;0,169552884;4,36203024;0;0;0,082964906;3,264818822;0,331971271;0;0;1,863161944;0;0,014086931;0;0;2,090472065;0;1,12386234;0,726091727;1,912175322;0;0;0
0;0;0,184386083;4,217581184;0;0;0,069843393;3,262540128;0,293101708;0;0;2,122613184;0;0,032322354;0;0;2,447823398;0;1,73816034;2,239103102;0,76362475;0;0;0
0;0;0,254087703;4,423820581;0,007183722;0;0,06311467;3,209482652;0,271351784;0;0;0,043966778;0;0,1027548;0;0;3,777204336;0;2,552928232;3,162785488;0,499419171;0;0;0
0;0;0,291684092;4,658043915;0,026228851;0;0,091629602;3,549931207;0,371344797;0;0;0,104419049;0;0,108598802;0;0;4,473473049;0;2,759224487;3,417344062;1,900860087;0;0,008715772;0
0;0;0,329960925;4,654888288;0,034186563;0;0,07356192;3,286995004;0,281973044;0;0;0;0;0,150775152;0;0;4,099908534;0;1,760827214;3,144706231;1,539342854;0;0;0
0;0;0,408017015;4,536433933;0,036173343;0;0,060570277;3,185074217;0,292826134;0;0;0,004229741;0;0,217084099;0;0;3,920783678;0;0,519939447;2,806614795;2,230123929;0;0;0
0;0;0,60262521;4,597201444;0,0583243;0;0,062367626;3,152449237;0,287957021;0;0;0;0;2,018458191;0;0;4,223535987;0;0,419270687;2,747904732;3,555626008;0;0;0
2,397031402;0,562771364;3,285748105;1,541478348;1,116142207;0,045102985;4,104069162;3,299196464;1,27012798;4,473244084;0,952501869;0,105557102;0,016897473;0,168620592;0,438807595;0;0,047219653;0;0;0,055712651;0;0;5,152269951;0,118783635
2,22403847;1,214101287;3,37851855;1,607385864;1,168789557;0;3,468712735;2,742529694;0,955439341;4,038605702;0,726050624;0,086219622;0;0,541175134;0,392508098;0;0,055476305;0;0;0,116806934;0;0;4,988247043;0,117046715
2,351375003;0,525154236;3,305098363;1,018824346;1,14747948;0;3,920632348;2,699066787;0,513194336;4,039522415;0,525395965;0,064859188;0;0,158821949;0,245805995;0;0;0;0;0,03870746;0;0;4,313885066;0,018555032
1,37890212;0,199270411;2,578206476;0,478138306;0,482721367;0;3,391559046;3,28309553;0,419255233;4,376128163;0,447717484;0,090493762;0,017630827;0,261677037;0,525252895;0;0;0;0;0;0;0;6,213168588;0,211781274
1,792939634;0,196508187;2,597881817;0,614546286;0,477937569;0;3,814067396;2,910910055;0,483791915;4,409046027;0,537590036;0,0974069;0;0,266309413;0,31174906;0;0;0;0;0;0;0;5,347888696;0,098305877
1,087424416;0,137878962;1,449315168;0,763205766;0,256924317;0;3,744013932;2,945806556;0,516651329;4,672672381;0,588177932;0,126710251;0,035193423;0,240186524;0,403775397;0;0;0;0;0;0;0;6,285086418;0,220945781
0,802737052;0,193040622;1,262332998;0,755939613;0,207045633;0;3,218897532;1,464090785;0,324809713;4,718913801;0,755242713;0,135829745;0,04251677;0,264591456;0,407473437;0;0;0;0;0;0;0;6,14412178;0,18465868
1,21455299;0,420185606;2,215398247;1,153871466;0,396364177;0;2,801750225;2,177733101;0,469861581;4,72290246;1,284438955;0,151348795;0,051897484;0,396110373;0,476347397;0;0;0;0;0;0;0;5,972229328;0,156296819
0,535781347;0,308086926;2,568981213;0,96668627;0,504548116;0;1,701048966;2,879957939;0,666943119;4,465729666;0,587564311;0,107361987;0,027316115;0,498754438;0,699288324;0;0;0;0;0,016599928;0;0;6,486925683;0,281104209
0;0,274331979;2,676569962;1,184074192;0,562112806;0;0,275955218;2,506705426;0,58635361;4,319690498;0,41389434;0,082133294;0,006993149;0,339931428;0,279219342;0;0;0;0;0,209109593;0;0;6,350149681;0,255921352
0;0,310248395;2,58534695;0,995621326;0,482355182;0;0,248806974;1,824157147;0,413543121;4,222719873;0,404906782;0,079476061;0,00100492;0,326544102;0,183055716;0,010269952;0;0;0;0,295974543;0;0;6,136998508;2,718545321
0;0;1,55724283;4,200287996;0,356653936;0;0,198918157;0,180295775;0,589056314;0,722437292;0,169392111;0,04711009;0,025759959;1,08826293;0;0;0,680030229;0;0,00717619;0,854947615;0,054870586;0;4,048441217;0,218689163
0;0;3,040538449;4,623642943;0,884409617;0;0,098961246;3,403598313;0,474975045;0;0;0;0;0,174735367;0;0;3,09026037;0;0,060268561;1,041296105;0,219703775;0;0;0
0;0;0,40845551;4,639800714;0,034326344;0;0,030164815;3,153925741;0,290225722;0;0;0,007308395;0;0,073758433;0;0;3,183349704;0;0,361657317;0,887880101;0,154260773;0;0;0
0;0;0,220906028;4,453238177;0;0;0,057694118;3,161534356;0,275786234;0;0;0,129559804;0;0,070723705;0;0;3,354441962;0;1,762212624;2,02672566;0,291517181;0;0;0
0;0;0,378704029;4,71769932;0,052247645;0;0,078331105;3,47045505;0,325672088;0;0;0,01858974;0;0,17272768;0;0;4,377125887;0;1,866508073;2,74243677;0,203999607;0;0,006021109;0
0;0;0,450202948;4,884711278;0,058851691;0;0,099860329;3,583871525;0,399484435;0;0;0;0;0,227423316;0;0;4,65515967;0;2,821632408;3,50223068;0,372883568;0;0;0
0;0;1,587874699;4,891403177;0,20828131;0;0,105469869;3,565332257;0,377690658;0;0;0;0;0,483190189;0;0;4,441714778;0;1,55782644;3,379494588;2,147828006;0;0;0
0;0;0,935948687;4,982553058;0,14034848;0;0,103956076;3,487846771;0,37934216;0;0;0;0;2,101062755;0;0;4,488755255;0;2,270443998;3,608316641;2,289575189;0;0,023179593;0
0;0;0,825850035;4,904721458;0,091505817;0;0,068257026;3,292684702;0,330379342;0;0;0;0;1,74666328;0;0;4,124691661;0;1,104695649;3,353986847;1,578920713;0;0;0
1,893715831;0,96388902;2,967882833;1,669888594;0,954410069;0,053100928;3,826791923;3,439541207;1,419200336;4,953194035;1,907393348;0,184923587;0,073213058;0,296475405;0,554143442;0;0,091516935;0;0;0;0;0;6,246149929;0,215566078
1,493911075;0,206063993;2,822278518;1,35386686;3,131582088;0,045471827;3,383922562;2,322643059;0,669211601;4,038455766;0,526361552;0,095620359;0;0,374690309;0,467120387;0;0,164130848;0;0;0,051185439;0;0;4,677004312;0,098262314
1,404247844;0,211434059;3,006091889;0,773338743;1,328630445;0;3,381706306;2,901919504;0,59246673;4,164278762;0,484359342;0,073659945;0;0,323039994;0,53469988;0;0;0;0;0,003290369;0;0;5,522998055;0,122740667
0,736968514;0,138183048;2,644452271;0,963787469;0,518585841;0;3,109890304;3,104938663;0,530708942;3,921256452;0,341108971;0,062872946;0;0,331093936;0,445533934;0;0,000504143;0;0;0;0;0;5,70628351;0,137850822
1,050513698;0,141711588;2,196497725;1,045882186;0,339100538;0;3,776908901;2,277557331;0,399883547;4,592311159;0,475809327;0,121028111;0,007423948;0,273267238;0,382621621;0;0;0;0;0;0;0;5,74789126;0,168723898
1,71584555;0,204583358;1,90615438;0,756744627;0,345656042;0;3,508116687;2,3804597;0,499406101;4,72422761;1,232072197;0,134132173;0,03608853;0,196816185;0,403266151;0;0;0;0;0;0;0;5,358857629;0,081343092
0,591422027;0,282311396;1,127682626;0,813128204;0,202444692;0;3,293019127;2,202871784;0,407492697;5,084818235;2,158087053;0,17864695;0,082812279;0,267489221;0,564949803;0;0;0;0;0;0;0;6,506019047;0,210579001
0,098183919;0,708536264;0,807223248;0,613098582;0,131036817;0;2,111080214;1,37395431;0,292847801;5,100036674;3,410827678;0,169914494;0,085612794;0,432055506;0,814948107;0;0;0;0;0;0;0;5,745688017;0,088474127
0,211924695;0,684804291;1,406580093;0,727116118;0,22050751;0;2,113961653;2,237017163;0,409687999;4,993365248;1,932189431;0,18466532;0,072312468;0,501884383;0,495799196;0;0;0;0;0;0;0;6,568085576;0,225681058
0;0,382831258;2,382470732;1,098674524;0,440504976;0;0,423498688;2,869286897;0,640866063;5,335678687;1,211232925;0,204429423;0,128214441;0,273769765;0,314656359;0,045270958;0;0;0;0,001559403;0;0;6,881723425;0,345298417
0;0,287519708;2,10213436;0,83412224;0,333336919;0;0,246197771;1,666577202;0,292950257;4,588774018;0,717112967;0,116815571;0,042363774;0,321754397;0,217523647;0;0;0;0;0,122810338;0;0;6,138952825;0,203381546
0;0;1,499231017;5,447710434;0,30234444;0,101440802;0,158953235;0;0,205843197;0;0,061981956;0;0,003631495;0,28307711;0;0;2,889578499;4,687094707;0,133806024;0,133590075;0;0;3,420532056;0,088021851
0;0;1,749527935;4,880951286;0,233493212;0;0,069360223;3,307900285;0,414714044;0;0;0;0;0,522212636;0;0;3,576008561;0;0,588668743;2,114493374;0,022575727;0;0;0
0;0;0,436290731;4,270029776;0,030641958;0;0,025997583;2,769374054;0,207223166;0;0;0;0;0,198049735;0;0;2,33591418;0;0,585254759;2,022569479;0,242552661;0;0;0
0;0;0,310088049;4,712809343;0,062015614;0;0,079527543;3,428381605;0,365536123;0;0;0,117011861;0;0,159474869;0;0;4,106006135;0;0,52953279;2,476116133;0,13753232;0;0,046182348;0
0;0;0,526763674;4,614562708;0,052119387;0;0,03218222;2,941501496;0,216834401;0;0;0;0;0,328361644;0;0;3,344823368;0;0,930142717;3,05006329;0,18754275;0;0;0
0;0;0,456771386;4,923280018;0,076104421;0;0,078350988;3,310383622;0,320503433;0;0;0;0;0,573980899;0;0;4,265473716;0;1,682056432;3,807788265;0,134647433;0;0;0
0;0;0,677510034;5,032077503;0,095323223;0;0,098108009;3,467863539;0,361300334;0;0;0;0;1,369750882;0;0;4,633321993;0;2,547825504;3,783062565;0,049320295;0;0;0
0;0;0,621101362;4,773221034;0,075736137;0;0,055624222;3,194015411;0,238201919;0;0;0;0;2,322283177;0;0;4,44538643;0;2,28351106;3,064835264;0;0;0;0
0;0;0,615362335;4,98423448;0,089240102;0;0,07253785;3,432210303;0,324824352;0;0;0;0;1,19279101;0;0;4,422027274;0;2,249352006;3,73438188;1,48918662;0;0;0
1,66388548;0,1672201;2,607878537;0,896089427;0,517797061;0;3,554074512;3,216619351;0,577865611;4,149009306;0,407662265;0,093676306;0;0,268768294;1,565266161;0;0;0;0;0;0;0;5,730046435;0,153073925
1,335256653;0,118509064;2,492425969;0,878209849;0,54015454;0;3,488918369;2,814285719;0,476999676;3,861378019;0,347993209;0,036153913;0;0,274976058;1,467637853;0;0;0;0;0,000994723;0;0;4,418912585;0,031987788
1,424046663;0,190071363;2,747818054;1,16653014;0,583402748;0;3,311345897;2,960136515;1,428412973;3,943560005;0,447240171;0,079850453;0;0,29010317;0,495833726;0;0,002008156;0;0;0,014311439;0;0;5,252957721;0,112110698
1,230998947;0,304075442;2,638632043;0,933897145;0,570954097;0;3,027503263;2,937188117;0,660183238;4,500634429;0,687955983;0,116041001;0,022123481;2,258928079;0,580082965;0;0,009919215;0;0;0;0;0;6,053605564;0,172049437
1,595267197;0,251899334;2,756148584;1,438148901;0,548066417;0;3,545442023;3,231495486;0,636655545;4,541053899;0,617848526;0,123717096;0,034010413;0,372731246;0,448033923;0;0,003283971;0;0;0;0;0;6,164983953;0,174578983
1,416393233;0,305110162;2,647060312;0,743094539;0,551695147;0;3,410271988;3,101232068;0,535670927;4,664684227;1,761883111;0,113945316;0,025282115;0,329728076;0,48258276;0;0;0;0;0;0;0;6,026259994;0,144201939
0,742881896;0,358097796;1,988877544;0,871383381;0,365739529;0;3,004096779;3,020266246;0,604107386;4,748704795;2,26459564;0,13992667;0,050727341;0,374467135;1,680758294;0;0;0;0;0;0;0;6,765820575;0,244170976
0,178324173;0,566879149;1,150381656;0,701358785;0,211003565;0;2,520955448;2,643657781;0,494247992;5,182091565;3,749593286;0,1840964;0,07625435;0,346404346;0,593592887;0;0;0;0;0;0;0;6,45918951;0,186323428
0,405771598;0,918758211;1,881602893;0,840977273;0,324421503;0;2,503506516;2,351049222;0,517101715;4,584415908;3,644141296;0,082841818;0;0,294577094;0,520601737;0;0;0;0;0;0;0;5,094610348;0,017424117
0;1,016818493;0,817828903;0,678397532;0,144624385;0;0,793764221;2,276705789;0,412664091;4,892863859;3,781642006;0,136267756;0,052598225;0,763715027;0,632037035;0;0;0;0;0;0;0;5,979356706;0,131583168
0;0,714951183;0,528153284;0,591712994;0,066095609;0;0,506591072;1,087069198;0,262553146;4,250550244;3,56937761;0,069080593;0;0,753912887;0,813694903;0;0;0;0;0;0;0;4,016885616;0
0;0;1,623184542;4,177759361;0,712373318;0,09113537;1,557971629;2,732488755;3,19946263;1,683436164;0,858919483;0,172975248;0;1,643903193;0,04121655;0,025639621;3,805891146;0;1,244472677;2,196805839;0,21981151;0;2,200073307;0,069077273
0;0;1,055024167;4,75641457;0,103009003;0;0,007026468;2,820857035;0,170519469;0;0;0;0;2,022752111;0;0;3,184007193;0;0,600340368;1,253125755;0;0;0;0
0;0;0,795376039;4,91135853;0,084789856;0;0,02882451;2,959697752;0,225497311;0;0;0;0;1,813744455;0;0;3,270507882;0;0,501521616;2,624143714;0;0;0;0
0;0;0,751844122;4,900930045;0,101015649;0;0,062405502;3,216450892;0,286306508;0;0;0;0;1,467298148;0;0;3,991357853;0;1,486903486;2,791645949;0;0;0;0
0;0;1,378411083;4,940921212;0,161066604;0;0,080532295;3,378116767;0,341407221;0;0;0;0;0,80661546;0;0;4,298945464;0;0,782095907;3,489220697;0,080695694;0;0;0
0;0;3,02869933;4,898191112;0,879718575;0;0,116629882;3,582204394;0,445490144;0;0;0;0;0,410345668;0;0;4,627578017;0;0,635365185;3,074662165;0,08830029;0;0,046143249;0
0;0;1,655405662;4,93280067;0,211483087;0;0,086369803;3,444945717;0,374837393;0;0;0;0;0,661305526;0;0;4,494080356;0;2,061695473;3,529088875;0,125301122;0;0;0
0;0;1,69670625;5,022179717;0,257391613;0;0,109702192;3,46333968;0,443307896;0;0;0;0;2,396953471;0;0;4,740330546;0;2,413671139;3,568123549;0;0;0,07276585;0
0;0;0,670721145;4,945939611;0,092073054;0;0,059810598;3,188086663;0,269365343;0;0;0;0;1,796581612;0;0;4,156613035;0;1,736993373;3,836624743;0,065490425;0;0;0
1,267497405;0,120515352;1,640236842;0,658613342;0,253070446;0;3,660588659;2,279497922;0,343256143;4,144441985;0,385723831;0,078949729;0;0,160096967;1,454173299;0;0;0;0;0;0;0;4,856072378;0,086674369
1,057275415;0,201849949;1,535475697;0,833937281;0,248144069;0;3,29573147;2,428158634;0,3586619;4,532007918;0,772546069;0,123138055;0,025809138;0,296128169;1,744877688;0;0;0;0;0;0;0;6,015437101;0,188042899
1,051302788;0,183282901;2,498631967;0,882179751;0,495715321;0;3,18709755;3,411656661;0,75937026;4,384850629;0,715078414;0,117176348;0,028968909;0,327395857;1,698311192;0;0;0;0;0;0;0;6,512182284;0,231416849
1,121186429;0,199843259;2,563082465;0,95676759;0,537195033;0;3,268198121;3,312339559;1,418913808;4,3866304;0,608361187;0,120180276;0,011358762;0,368718026;0,6805959;0;0;0;0;0;0;0;6,303632805;0,225901181
0,702442552;0,328765667;2,372055577;0,975531603;0,447640218;0;3,137631473;3,153487803;0,639130142;4,879670007;1,181592942;0,158811319;0,080475387;0,384223155;0,460746323;0;0;0;0;0;0;0;6,947217255;0,30279186
0,543270448;0,569622019;2,187934294;0,896691499;0,394107756;0;2,886650822;3,059038047;0,675933664;4,967091197;2,861105414;0,156812151;0,077489385;0,368910003;0,494860103;0;0;0;0;0;0;0;6,972239044;0,303586995
1,051104711;1,076931771;2,526881837;1,40756653;0,715296983;0,059681486;3,483590977;3,284935252;1,230537605;5,240617026;3,873301545;0,20387211;0,097421985;0,283466428;0,865976399;0;0;0;0;0;0;0;6,348056246;0,208826485
0,146794466;0,817833019;1,907647917;0,858766688;0,329647642;0;1,754566797;2,870159093;0,630713526;5,089576837;3,68075276;0,152022831;0,08779752;1,207562895;0,720515466;0;0;0;0;0;0;0;6,691721697;0,228901145
0,128794308;0,758322755;1,124666792;0,771257488;0,192679643;0;2,346183661;2,469856516;0,544402662;5,113317875;3,862162282;0,175642774;0,082063511;0,448114525;2,126362573;0;0;0;0;0;0;0;6,120060145;0,136182066
0;0,862724009;0,488434155;0,605337228;0,076240509;0;0,707885028;1,648252346;0,359630827;4,831217862;4,090148571;0,125979958;0,061501432;0,794038574;2,006472526;0;0;0;0;0;0;0;5,122667396;0,039567311
0;1,043437911;0,477902243;0,639697734;0,089501476;0;0,268159773;1,718511283;0,355620819;4,541321167;3,86322367;0,117765853;0,028219218;2,935888929;0,987986527;0;0;0;0;0;0;0;5,223570812;0,064907687
0,046454376;0;1,74451755;4,650495218;0,943916117;0,200991893;1,096478588;3,375480544;1,37903266;2,267171586;2,739135634;0,604344367;0;3,006189575;0,578299682;0,272017224;3,961109679;0,186001952;2,023164676;2,534698743;2,603250258;0,211658975;0;1,682816141
0;0;2,073320185;4,911959848;0,404651291;0;0,048236444;3,136971672;0,360990791;0;0;0;0;2,243753523;0;0;3,702509745;0;0,464340207;1,872550917;0;0;0;0
0;0;0,880262251;4,933016697;0,100955825;0;0,03143018;3,208869192;0,259832808;0;0;0;0;2,700953426;0;0;3,942767863;0;1,020231149;2,256040633;0;0;0;0
0;0;0,555674274;4,955356255;0,092697016;0;0,06076214;3,239066423;0,289830484;0;0;0;0;2,181198356;0;0;4,246637861;0;0,673976449;3,550870125;0;0;0;0
0;0;1,75236482;4,947449482;0,239712387;0;0,074634022;3,297423544;0,356264419;0;0;0;0;2,401796292;0;0;4,38391748;0;0,63944412;3,222700735;0;0;0,032861815;0
0;0;3,170862643;4,674811309;0,894442749;0,040541361;0,176219253;3,702165315;0,533751811;0;0,031114487;0,958847203;0;0,171311789;0;0;4,056216532;0;0,041422175;2,784653163;3,278798037;0;0,089565228;0
0;0;1,864174366;4,740385962;0,252486133;0;0,051881871;3,165654051;0,294986524;0;0;0;0;2,107386232;0;0;4,422370058;0;1,806783745;2,775144196;0;0;0;0
0;0;0,940093307;4,968419174;0,113781489;0;0,065873179;3,339796872;0,296218954;0;0;0;0;2,759251248;0;0;4,593737419;0;1,507175408;3,473184519;0;0;0,015739472;0
0;0;0,595039134;5,079712806;0,085394776;0;0,073072576;3,455755434;0,341343633;0;0;0;0;2,503575238;0;0;4,719528819;0;2,5492711;3,915203659;0,001552514;0;0;0